{
	"/servicos/displayestadosinal":
	{
		"nome": "Display Estado Sinal B3",
		"descricao": "Exibir disponibilidade do sinal da bolsa no barramento",
		"tipoServico": "SESSION",
		"receberMensagensDoTipo": ["MUDANCA_ESTADO_CONEXAO_SINAL_B3"],
		"servidores":
		[
			{"url": "ws://$IP_BARRAMENTO:4998"}
		]
	},
	"/servicos/gravarestadoconexaosinalb3":
	{
		"nome": "GravarEstadoConexaoSinalB3",
		"descricao": "Gravar em Banco de Dados Estado da Conexão com Sinal B3",
		"tipoServico": "APPLICATION",
		"receberMensagensDoTipo": ["MUDANCA_ESTADO_CONEXAO_SINAL_B3"],
		"servidores":
		[
			{"url": "ws://$IP_BARRAMENTO:4999"}
		]
	},
	"/servicos/ftw":
	{
		"nome": "ServicoExecucaoFtw",
		"descricao": "Serviço para execução de transações no Mainframe (IIB, GTR, GRI)",
		"tipoServico": "SESSION",
		"receberMensagensDoTipo": ["EXECUTAR_TRANSACAO", "LAYOUT_TRANSACAO"],
		"servidores":
		[
			{"url": "ws://$IP_BARRAMENTO:5000"},
			{"url": "ws://172.29.238.147:5000"}
		]
	},	
	"/servicos/monitor":
	{
		"nome": "MonitorServiçosBarramento",
		"descricao": "Monitor de Serviços do Barramento",
		"tipoServico": "SESSION",
		"receberMensagensDoTipo": ["MONITORACAO_DE_SERVICOS"],
		"servidores":
		[
			{"url": "ws://$IP_BARRAMENTO:5001"}
		]
	},
	"/servicos/sinalbmf":
	{
		"nome": "SinalBmf",
		"descricao": "Sinal da bolsa B3",
		"tipoServico": "APPLICATION",
		"receberMensagensDoTipo": [],
		"servidores":
		[
			{"url": "ws://$IP_BARRAMENTO:5002"}
		]
	},
	"/servicos/displaydaytrade":
	{
		"nome": "DisplayDaytrade",
		"descricao": "Display Tela Daytrade",
		"tipoServico": "SESSION",
		"receberMensagensDoTipo": ["RECOMENDACAO_VENDA_TEORICA_DAYTRADE", "DESRECOMENDACAO_VENDA_TEORICA_DAYTRADE", "DESRECOMENDACAO_COMPRA_DAYTRADE", "RECOMENDACAO_COMPRA_DAYTRADE", "@TESTE", "ABEV3", "B3SA3", "BBAS3", "BBDC3", "BBDC4", "BBSE3", "BRAP4", "BRFS3", "BRKM5", "BRML3", "CCRO3", "CIEL3", "EGIE3", "EMBR3", "EQTL3", "ESTC3", "FIBR3", "GGBR4", "HYPE3", "ITSA4", "ITUB4", "JBSS3", "KLBN11", "KROT3", "LAME4", "LREN3", "PCAR4", "PETR3", "PETR4", "RADL3", "RAIL3", "RENT3", "SANB11", "SBSP3", "SUZB3", "TIMP3", "UGPA3", "VALE3", "VIVT4", "WEGE3"],
		"servidores":
		[
			{"url": "ws://$IP_BARRAMENTO:5004"}
		]
	},
	"/servicos/recomendacaocompradaytrade":
	{
		"nome": "GeradorRecomendacaoDaytrade",
		"descricao": "Gerador de Recomendações Daytrade",
		"tipoServico": "APPLICATION",
		"receberMensagensDoTipo": ["@TESTE", "ABEV3", "B3SA3", "BBAS3", "BBDC3", "BBDC4", "BBSE3", "BRAP4", "BRFS3", "BRKM5", "BRML3", "CCRO3", "CIEL3", "EGIE3", "EMBR3", "EQTL3", "ESTC3", "FIBR3", "GGBR4", "HYPE3", "ITSA4", "ITUB4", "JBSS3", "KLBN11", "KROT3", "LAME4", "LREN3", "PCAR4", "PETR3", "PETR4", "RADL3", "RAIL3", "RENT3", "SANB11", "SBSP3", "SUZB3", "TIMP3", "UGPA3", "VALE3", "VIVT4", "WEGE3"],
		"servidores":
		[
			{"url": "ws://$IP_BARRAMENTO:5005"}
		]
	},
	"/servicos/guardasinalpuro":
	{
		"nome": "GuardaSinalPuro",
		"descricao": "Serviço da guarda de sinal",
		"tipoServico": "APPLICATION",
		"receberMensagensDoTipo": ["SINAL_B3_PURO"],
		"servidores":
		[
			{"url": "ws://$IP_BARRAMENTO:5007"}
		]
	},	
	"/servicos/recomendacaovendadaytrade":
	{
		"nome": "GeradorRecomendacaoVendaDaytrade",
		"descricao": "Gerador de Recomendações de Venda Daytrade",
		"tipoServico": "APPLICATION",
		"receberMensagensDoTipo": ["DESRECOMENDACAO_COMPRA_DAYTRADE", "RECOMENDACAO_COMPRA_DAYTRADE", "@TESTE", "ABEV3", "B3SA3", "BBAS3", "BBDC3", "BBDC4", "BBSE3", "BRAP4", "BRFS3", "BRKM5", "BRML3", "CCRO3", "CIEL3", "EGIE3", "EMBR3", "EQTL3", "ESTC3", "FIBR3", "GGBR4", "HYPE3", "ITSA4", "ITUB4", "JBSS3", "KLBN11", "KROT3", "LAME4", "LREN3", "PCAR4", "PETR3", "PETR4", "RADL3", "RAIL3", "RENT3", "SANB11", "SBSP3", "SUZB3", "TIMP3", "UGPA3", "VALE3", "VIVT4", "WEGE3"],
		"servidores":
		[
			{"url": "ws://$IP_BARRAMENTO:5009"}
		]
	},
	"/servicos/backtest":
	{
		"nome": "BacktestDaytrade",
		"descricao": "Executar backtest Daytrade",
		"tipoServico": "SESSION",
		"receberMensagensDoTipo": ["INICIAR_BACKTEST"],
		"servidores":
		[
			{"url": "ws://$IP_BARRAMENTO:5010"}
		]
	},
	"/servicos/recomendacaocompradaytrade3":
	{
		"nome": "GeradorRecomendacaoCompraDaytrade3",
		"descricao": "Gerador de Recomendações de Compra Daytrade (JAVA)",
		"tipoServico": "APPLICATION",
		"receberMensagensDoTipo": ["@TESTE", "SINAL_B3_PURO"],
		"servidores":
		[
			{"url": "ws://$IP_BARRAMENTO:8001"}
		]
	},
	"/servicos/recomendacaovendadaytrade3":
	{
		"nome": "GeradorRecomendacaoVendaDaytrade3",
		"descricao": "Gerador de Recomendações de Venda Daytrade (JAVA)",
		"tipoServico": "APPLICATION",
		"receberMensagensDoTipo": ["DESRECOMENDACAO_COMPRA", "RECOMENDACAO_COMPRA", "@TESTE", "SINAL_B3_PURO"],
		"servidores":
		[
			{"url": "ws://$IP_BARRAMENTO:8002"}
		]
	},
	"/servicos/ordemcompravenda3":
	{
		"nome": "GeradorOrdemCompraVendaDaytrade3",
		"descricao": "Gerador de Ordem Compra / Venda (JAVA)",
		"tipoServico": "APPLICATION",
		"receberMensagensDoTipo": ["DESRECOMENDACAO_COMPRA", "RECOMENDACAO_COMPRA", "DESRECOMENDACAO_VENDA", "RECOMENDACAO_VENDA"],
		"servidores":
		[
			{"url": "ws://$IP_BARRAMENTO:8003"}
		]
	},
	"/servicos/displaydaytrade3":
	{
		"nome": "DisplayDaytrade3",
		"descricao": "Tela display (SYSTEMA) com Recomendações Compra / Venda e Ordens Compra / Venda Daytrade (JAVA)",
		"tipoServico": "SESSION",
		"receberMensagensDoTipo": ["DESRECOMENDACAO_COMPRA", "RECOMENDACAO_COMPRA", "DESRECOMENDACAO_VENDA", "RECOMENDACAO_VENDA", "ORDEM_COMPRA", "ORDEM_VENDA", "@TESTE", "SINAL_B3_PURO"],
		"servidores":
		[
			{"url": "ws://$IP_BARRAMENTO:8004"}
		]
	},
	"/servicos/negociacaodaytrade3":
	{
		"nome": "GeradorNegociacaoCompraVendaDaytrade3",
		"descricao": "Gerador de Negociacao de Compra / Venda chamando o IMC para o Daytrade",
		"tipoServico": "SESSION",
		"receberMensagensDoTipo": ["DESRECOMENDACAO_COMPRA", "DESRECOMENDACAO_VENDA", "LISTA_ORDEM_COMPRA", "LISTA_ORDEM_VENDA"],
		"servidores":
		[
			{"url": "ws://$IP_BARRAMENTO:8005"}
		]
	}	
}
